{"cameraMode":{"drawMode":0,"name":"Shaded","section":"Shading Mode"},"sceneLighting":true,"audioPlay":false,"sceneViewState":{"showFog":true,"showMaterialUpdate":false,"showSkybox":true,"showFlares":true,"showImageEffects":true,"showParticleSystems":true},"in2DMode":false,"pivot":{"x":7.986724376678467,"y":5.000988006591797,"z":-3.7808148860931398},"rotation":{"x":0.19071781635284425,"y":-0.5212467312812805,"z":0.1207897737622261,"w":0.823005735874176},"size":4.041658401489258,"orthographic":false}