{"cameraMode":{"drawMode":0,"name":"Shaded","section":"Shading Mode"},"sceneLighting":true,"audioPlay":false,"sceneViewState":{"showFog":true,"showMaterialUpdate":false,"showSkybox":true,"showFlares":true,"showImageEffects":true,"showParticleSystems":true},"in2DMode":false,"pivot":{"x":-10.963560104370118,"y":16.603261947631837,"z":-13.113434791564942},"rotation":{"x":-0.04035727679729462,"y":-0.9367117285728455,"z":-0.11520826071500778,"w":0.3281303644180298},"size":51.58647537231445,"orthographic":false}