{"cameraMode":{"drawMode":0,"name":"Shaded","section":"Shading Mode"},"sceneLighting":false,"audioPlay":false,"sceneViewState":{"showFog":true,"showMaterialUpdate":false,"showSkybox":true,"showFlares":true,"showImageEffects":true,"showParticleSystems":true},"in2DMode":false,"pivot":{"x":16.95796012878418,"y":-5.425563812255859,"z":17.893117904663087},"rotation":{"x":-0.10692622512578964,"y":-0.3707571029663086,"z":0.04301842674612999,"w":-0.9215505719184876},"size":40.412986755371097,"orthographic":false}