{"cameraMode":{"drawMode":0,"name":"Shaded","section":"Shading Mode"},"sceneLighting":true,"audioPlay":false,"sceneViewState":{"showFog":true,"showMaterialUpdate":false,"showSkybox":true,"showFlares":true,"showImageEffects":true,"showParticleSystems":true},"in2DMode":false,"pivot":{"x":-2.631749391555786,"y":-0.2899656295776367,"z":0.18654873967170716},"rotation":{"x":-0.18856483697891236,"y":0.7075275182723999,"z":-0.2054642289876938,"w":-0.6493325233459473},"size":23.691795349121095,"orthographic":false}