{"cameraMode":{"drawMode":0,"name":"Shaded","section":"Shading Mode"},"sceneLighting":true,"audioPlay":false,"sceneViewState":{"showFog":true,"showMaterialUpdate":false,"showSkybox":true,"showFlares":true,"showImageEffects":true,"showParticleSystems":true},"in2DMode":false,"pivot":{"x":-0.5442919731140137,"y":2.0350918769836427,"z":22.341644287109376},"rotation":{"x":-0.008895350620150566,"y":-0.9910374879837036,"z":0.08825548738241196,"w":-0.09988327324390412},"size":11.411661148071289,"orthographic":false}